<?xml version="1.0" encoding="UTF-8"?>
<suite name="Automation QA">
	<!-- <listeners> <listener class-name="com.selenium.listener.TestListener" 
		/> </listeners> -->
	<listeners>
		<listener class-name="org.uncommons.reportng.HTMLReporter" />
		<listener class-name="org.uncommons.reportng.JUnitXMLReporter" />
	</listeners>
	<test name="Search items">
		<parameter name="url" value="http://automationpractice.com/index.php" />
		<parameter name="browser" value="chrome" />
		<classes>
			<class name="com.selenium.script.Searchitems" />
			<methods>
				<include name="Searchitemsmethod" />
				<!-- <include name="b_method" /> <include name="a_method" /> <include 
					name="c_method" /> -->
			</methods>
		</classes>
	</test>


	<!-- <test name="User Registration">
		<parameter name="url" value="http://automationpractice.com/index.php" />
		<parameter name="browser" value="chrome" />
		<classes>
			<class name="com.selenium.script.User" />
			<methods>
				<include name="UserRegistration" />
				<include name="AddToCart" dependsOnMethods="UserRegistration" />
			</methods>
		</classes>
	</test> -->

	<!-- <test name="Methods"> <classes> <class name="com.selenium.script.Searchitems" 
		/> <methods> <include name="b_method" /> <include name="a_method" /> <include 
		name="c_method" /> </methods> </classes> </test> -->
	<!-- <test name="Method a"> <classes> <class name="com.selenium.script.Searchitems" 
		/> <methods> <include name="a_method" /> </methods> </classes> </test> <test 
		name="Method c"> <classes> <class name="com.selenium.script.Searchitems" 
		/> <methods> <include name="c_method" /> </methods> </classes> </test> -->

</suite>