<?xml version="1.0" encoding="UTF-8"?>
<suite name="Automation QA">
	<test name="Search items">
	
		<groups>
			<run>
				<include name="primary" />
				<exclude name="smoke" />
			</run>
		</groups>
		<classes>
			<class name="com.selenium.script.Searchitems" />
			<methods>
				<include name="Searchitemsmethod" />
			</methods>
		</classes>
	</test>
	<test name="User Registration">
	
		<groups>
			<run>
				<include name="primary" />
				<exclude name="smoke" />
			</run>
		</groups>
		<classes>
			<class name="com.selenium.script.User" />
			<methods>
				<include name="UserRegistration" />
			</methods>
		</classes>
	</test>
</suite>